sample_id,population,store_a,store_b,kind,similarity,name_a,name_b,brand_a,brand_b,volume_ml_a,volume_ml_b,concentration_a,concentration_b,label,reviewer_note,url_a,url_b
1,direct_maicao-salcobrand,maicao,salcobrand,auto:same_name,0.977,Her Secret Pink Absolu Eau de Parfum 80 ml,Banderas Mujer Her Secret Pink Absolu Eau de Parfum 80ml,ANTONIO BANDERAS,Banderas,80,80,edp,edp,same,,https://www.maicao.cl/her-secret-pink-absolu-eau-de-parfum-80-ml/CLMC_575672.html,https://salcobrand.cl/products/banderas-mujer-her-secret-pink-absolu-eau-de-parfum-80-ml?default_sku=592255
2,direct_maicao-salcobrand,maicao,salcobrand,auto:same_name,0.953,Perfume Hombre Banderas  Seduction X  50 Ml,Banderas Seduction X Eau de Parfum for Men EDP 50 ml,ANTONIO BANDERAS,Banderas,50,50,,edp,same,,https://www.maicao.cl/perfume-hombre-banderas-seduction-x-50-ml/CLMC_586053.html,https://salcobrand.cl/products/banderas-seduction-x-eau-de-parfum-for-men-edp-50-ml?default_sku=595532
3,direct_maicao-salcobrand,maicao,salcobrand,auto:same_name,0.961,Her Golden Secret Eau De Toilette 50 mL+ Loción Hidratante Cuerpo 75 mL,Estuche Perfume Her Golden Secret Eau de Toilette 50 ml + Loción Corporal 75 ml,ANTONIO BANDERAS,Banderas,50,50,edt,edt,same,,https://www.maicao.cl/her-golden-secret-eau-de-toilette-50-ml-locion-hidratante-cuerpo-75-ml/CLMC_297108.html,https://salcobrand.cl/products/estuche-perfume-her-golden-secret-eau-de-toilette-50-ml-locion-corporal-75-ml?default_sku=588809
4,direct_maicao-salcobrand,maicao,salcobrand,auto:same_name,0.973,Eau de Toilette Blue seduction For Men de 50 mL,Perfume Blue Seduction Eau de Toilette 50 ml,ANTONIO BANDERAS,Banderas,50,50,edt,edt,same,,https://www.maicao.cl/eau-de-toilette-blue-seduction-for-men-de-50-ml/CLMC_256141.html,https://salcobrand.cl/products/perfume-blue-seduction-eau-de-toilette-50-ml?default_sku=4983627
5,direct_maicao-salcobrand,maicao,salcobrand,auto:same_name,0.978,Eau de Toilette Blue seduction For women de 50 mL,Perfume Blue Seduction For Women Eau de Toilette 50 ml,ANTONIO BANDERAS,Banderas,50,50,edt,edt,same,,https://www.maicao.cl/eau-de-toilette-blue-seduction-for-women-de-50-ml/CLMC_258276.html,https://salcobrand.cl/products/perfume-blue-seduction-for-women-eau-de-toilette-50-ml?default_sku=4983620
6,direct_maicao-salcobrand,maicao,salcobrand,auto:same_name,0.964,Eau de Toilette Seduction in Black 50 mL,Perfume Hombre Black Seduction for men Eau de Toilette 50 ml,ANTONIO BANDERAS,Banderas,50,50,edt,edt,same,,https://www.maicao.cl/eau-de-toilette-seduction-in-black-50-ml/CLMC_260064.html,https://salcobrand.cl/products/perfume-hombre-black-seduction-for-men-eau-de-toilette-50-ml?default_sku=4989859
7,direct_maicao-salcobrand,maicao,salcobrand,auto:same_name,0.954,Eau de Toilette Blue seduction For Men 100 mL,Perfume Hombre Blue Seduction 100ml EDT,ANTONIO BANDERAS,Banderas,100,100,edt,edt,same,,https://www.maicao.cl/eau-de-toilette-blue-seduction-for-men-100-ml/CLMC_256140.html,https://salcobrand.cl/products/perfume-hombre-blue-seduction-100ml-edt?default_sku=2008934
8,direct_maicao-salcobrand,maicao,salcobrand,auto:same_name,0.953,Blue Seduction Man EDT 200 mL,Perfume Hombre Blue Seduction Eau de Toilette 200 ml,ANTONIO BANDERAS,Banderas,200,200,edt,edt,same,,https://www.maicao.cl/blue-seduction-man-edt-200-ml/CLMC_272822.html,https://salcobrand.cl/products/perfume-hombre-blue-seduction-eau-de-toilette-200-ml?default_sku=4980137
9,direct_maicao-salcobrand,maicao,salcobrand,auto:same_name,0.962,Eau De Toilette Diavolo 100 mL,Perfume Hombre Diavolo For Men Eau de Toilette 100 ml,ANTONIO BANDERAS,Banderas,100,100,edt,edt,same,,https://www.maicao.cl/eau-de-toilette-diavolo-100-ml/CLMC_124155.html,https://salcobrand.cl/products/perfume-hombre-diavolo-for-men-eau-de-toilette-100-ml?default_sku=4987190
10,direct_maicao-salcobrand,maicao,salcobrand,auto:same_name,0.974,King Of Seduction Eau de Toilette de  50 mL,Perfume Hombre King of Seduction Eau de Toilette 50 ml,ANTONIO BANDERAS,Banderas,50,50,edt,edt,same,,https://www.maicao.cl/king-of-seduction-eau-de-toilette-de-50-ml/CLMC_271316.html,https://salcobrand.cl/products/perfume-hombre-king-of-seduction-eau-de-toilette-50-ml?default_sku=4988428
11,direct_maicao-salcobrand,maicao,salcobrand,auto:same_name,0.963,Mediterráneo Eau de Toilette de 100 mL,Perfume Hombre Mediterráneo Eau de Toilette 100 ml,ANTONIO BANDERAS,Banderas,100,100,edt,edt,same,,https://www.maicao.cl/mediterraneo-eau-de-toilette-de-100-ml/CLMC_124196.html,https://salcobrand.cl/products/perfume-hombre-mediterraneo-eau-de-toilette-100-ml?default_sku=4980270
12,direct_maicao-salcobrand,maicao,salcobrand,auto:same_name,0.966,Eau de Toilette Mediterráneo 50 mL,Perfume Hombre Mediterráneo Eau de Toilette 50 ml,ANTONIO BANDERAS,Banderas,50,50,edt,edt,same,,https://www.maicao.cl/eau-de-toilette-mediterraneo-50-ml/CLMC_124202.html,https://salcobrand.cl/products/perfume-hombre-mediterraneo-eau-de-toilette-50-ml?default_sku=4980248
13,direct_maicao-salcobrand,maicao,salcobrand,auto:same_name,0.973,Power Of Seduction Eau de Toilette de 50 mL,Perfume Hombre Power of Seduction Eau de Toilette 50 ml,ANTONIO BANDERAS,Banderas,50,50,edt,edt,same,,https://www.maicao.cl/power-of-seduction-eau-de-toilette-de-50-ml/CLMC_291976.html,https://salcobrand.cl/products/perfume-hombre-power-of-seduction-eau-de-toilette-50-ml?default_sku=4980212
14,direct_maicao-salcobrand,maicao,salcobrand,auto:same_name,0.969,Eau de Toilette The Golden Secret 50 mL,Perfume Hombre The Golden Secret Eau de Toilette 50 ml,ANTONIO BANDERAS,Banderas,50,50,edt,edt,same,,https://www.maicao.cl/eau-de-toilette-the-golden-secret-50-ml/CLMC_264579.html,https://salcobrand.cl/products/perfume-hombre-the-golden-secret-eau-de-toilette-50-ml?default_sku=4982793
15,direct_maicao-salcobrand,maicao,salcobrand,auto:same_name,0.951,Antonio Banderas The Icon Edt 50 mL - Perfume Hombre,Perfume Hombre The Icon Eau de Toilette 50 ml,ANTONIO BANDERAS,Banderas,50,50,edt,edt,same,,https://www.maicao.cl/antonio-banderas-the-icon-edt-50-ml-perfume-hombre/CLMC_391204.html,https://salcobrand.cl/products/perfume-hombre-the-icon-eau-de-toilette-50-ml?default_sku=577748
16,direct_maicao-salcobrand,maicao,salcobrand,auto:same_name,0.965,Perfume The Icon New Eau De Parfum 50 mL,Perfume Hombre The Icon The Parfum Eau de Parfum 50 ml,ANTONIO BANDERAS,Banderas,50,50,edp,edp,same,,https://www.maicao.cl/perfume-the-icon-new-eau-de-parfum-50-ml/CLMC_528329.html,https://salcobrand.cl/products/perfume-hombre-the-icon-the-parfum-eau-de-parfum-50-ml?default_sku=581313
17,direct_maicao-salcobrand,maicao,salcobrand,auto:same_name,0.963,The Secret Eau de Toilette de 50 mL,Perfume Hombre The Secret Eau de Toilette 50 ml,ANTONIO BANDERAS,Banderas,50,50,edt,edt,same,,https://www.maicao.cl/the-secret-eau-de-toilette-de-50-ml/CLMC_262215.html,https://salcobrand.cl/products/perfume-hombre-the-secret-eau-de-toilette-50-ml?default_sku=4980104
18,direct_maicao-salcobrand,maicao,salcobrand,auto:same_name,0.958,Blue Seduction Woman 200 mL,Perfume Mujer Blue Seduction For Women Eau de Toilette 200 ml,ANTONIO BANDERAS,Banderas,200,200,,edt,same,,https://www.maicao.cl/blue-seduction-woman-200-ml/CLMC_275500.html,https://salcobrand.cl/products/perfume-mujer-blue-seduction-for-women-eau-de-toilette-200-ml?default_sku=4980103
19,direct_maicao-salcobrand,maicao,salcobrand,auto:same_name,0.968,Perfume Mujer Blue Seduction Summer Essence EDT 100ml,Perfume Mujer Blue Seduction Summer Essence Eau de Toilette for Women 100 ml,ANTONIO BANDERAS,Banderas,100,100,edt,edt,same,,https://www.maicao.cl/perfume-mujer-blue-seduction-summer-essence-edt-100ml/CLMC_565582.html,https://salcobrand.cl/products/perfume-mujer-blue-seduction-summer-essence-eau-de-toilette-for-women-100-ml?default_sku=589069
20,direct_maicao-salcobrand,maicao,salcobrand,auto:same_name,0.972,Eau De Toilette Her Secret Desire 50 mL,Perfume Mujer Her Secret Desire Eau de Toilette 50 ml,ANTONIO BANDERAS,Banderas,50,50,edt,edt,same,,https://www.maicao.cl/eau-de-toilette-her-secret-desire-50-ml/CLMC_295571.html,https://salcobrand.cl/products/perfume-mujer-her-secret-desire-eau-de-toilette-50-ml?default_sku=4980267
21,direct_maicao-salcobrand,maicao,salcobrand,auto:same_name,0.967,Eau de Toilette Her Secret Temptation de 50 mL,Perfume Mujer Her Secret Temptation Eau de Toilette 50 ml,ANTONIO BANDERAS,Banderas,50,50,edt,edt,same,,https://www.maicao.cl/eau-de-toilette-her-secret-temptation-de-50-ml/CLMC_287577.html,https://salcobrand.cl/products/perfume-mujer-her-secret-temptation-eau-de-toilette-50-ml?default_sku=4980109
22,direct_maicao-salcobrand,maicao,salcobrand,auto:same_name,0.968,Eau De Toilette Queen of Seduction 50 mL,Perfume Mujer Queen of Seduction Eau de Toilette 50 ml,ANTONIO BANDERAS,Banderas,50,50,edt,edt,same,,https://www.maicao.cl/eau-de-toilette-queen-of-seduction-50-ml/CLMC_275571.html,https://salcobrand.cl/products/perfume-mujer-queen-of-seduction-eau-de-toilette-50-ml?default_sku=4980007
23,direct_maicao-salcobrand,maicao,salcobrand,auto:same_name,0.966,Perfume The Icon Femenino 50 ml,Perfume Mujer The Icon Eau de Parfum for Women 50 ml,ANTONIO BANDERAS,Banderas,50,50,,edp,same,,https://www.maicao.cl/perfume-the-icon-femenino-50-ml/CLMC_544926.html,https://salcobrand.cl/products/perfume-mujer-the-icon-eau-de-parfum-for-women-50-ml?default_sku=583951
24,direct_maicao-salcobrand,maicao,salcobrand,auto:same_name,0.948,The Icon Elixir EDP 50ML,Perfume Mujer The Icon Elixir Eau de Parfum 50 ml,ANTONIO BANDERAS,Banderas,50,50,edp,edp,same,,https://www.maicao.cl/the-icon-elixir-edp-50ml/CLMC_548419.html,https://salcobrand.cl/products/perfume-mujer-the-icon-elixir-eau-de-parfum-50-ml?default_sku=584557
25,direct_maicao-salcobrand,maicao,salcobrand,auto:same_name,0.964,Perfume Mujer The Icon Splendid EDP 50ml,Perfume Mujer The Icon Splendid Eau de Parfum for Women 50 ml,ANTONIO BANDERAS,Banderas,50,50,edp,edp,same,,https://www.maicao.cl/perfume-mujer-the-icon-splendid-edp-50ml/CLMC_557510.html,https://salcobrand.cl/products/perfume-mujer-the-icon-splendid-eau-de-parfum-for-women-50-ml?default_sku=586941
26,direct_preunic-salcobrand,preunic,salcobrand,auto:same_name,0.970,Perfume Mujer Banderas Her Secret Pink Absolu EDP 80 Ml,Banderas Mujer Her Secret Pink Absolu Eau de Parfum 80ml,Antonio Banderas,Banderas,80,80,edp,edp,same,,https://preunic.cl/products/perfume-mujer-banderas-her-secret-pink-absolu-edp-80-ml,https://salcobrand.cl/products/banderas-mujer-her-secret-pink-absolu-eau-de-parfum-80-ml?default_sku=592255
27,direct_preunic-salcobrand,preunic,salcobrand,auto:same_name,0.987,Estuche Blue Seduction For Men Eau de Toilette 50 ml + Balsamo After Shave 75 ml,Banderas Perfume Estuche Blue Seduction For Men Eau de Toilette 50 ml + Balsamo After Shave 75 ml,Antonio Banderas,Banderas,50,50,edt,edt,same,,https://preunic.cl/products/estuche-blue-seduction-for-men-eau-de-toilette-50-ml-balsamo-after-shave-75-ml,https://salcobrand.cl/products/banderas-perfume-estuche-blue-seduction-for-men-eau-de-toilette-50-ml-balsamo-after-shave-75-ml?default_sku=591727
28,direct_preunic-salcobrand,preunic,salcobrand,auto:same_name,0.983,Banderas Hombre Estuche Blue Seduction For Men Eau de Toilette 50 ml + Balsamo After Shave 75 ml,Banderas Perfume Estuche Blue Seduction For Men Eau de Toilette 50 ml + Balsamo After Shave 75 ml,Antonio Banderas,Banderas,50,50,edt,edt,same,,https://preunic.cl/products/banderas-hombre-estuche-blue-seduction-for-men-eau-de-toilette-50-ml-balsamo-after-shave-75-ml,https://salcobrand.cl/products/banderas-perfume-estuche-blue-seduction-for-men-eau-de-toilette-50-ml-balsamo-after-shave-75-ml?default_sku=591727
29,direct_preunic-salcobrand,preunic,salcobrand,auto:same_name,0.975,Perfume Hombre Seduction X Eau de Parfum for Men Banderas 50 ml,Banderas Seduction X Eau de Parfum for Men EDP 50 ml,Antonio Banderas,Banderas,50,50,edp,edp,same,,https://preunic.cl/products/perfume-hombre-seduction-x-eau-de-parfum-for-men-banderas-50-ml,https://salcobrand.cl/products/banderas-seduction-x-eau-de-parfum-for-men-edp-50-ml?default_sku=595532
30,direct_preunic-salcobrand,preunic,salcobrand,auto:same_name,0.974,Estuche Pefume Mujer Antonio Banderas Blue Seduction For Women Edt 50 Ml + Loción Corporal Hidratante 75 Ml,Estuche Perfume Blue Seduction For Women EDT 50 ml + Loción Corporal Hidratante 75 ml,Antonio Banderas,Banderas,50,50,edt,edt,same,,https://preunic.cl/products/estuche-pefume-mujer-antonio-banderas-blue-seduction-for-women-edt-50-ml-locion-corporal-hidratante-75-ml,https://salcobrand.cl/products/estuche-perfume-blue-seduction-for-women-edt-50-ml-locion-corporal-hidratante-75-ml?default_sku=587221
31,direct_preunic-salcobrand,preunic,salcobrand,auto:same_name,0.972,Estuche Banderas Her Golden Secret 50ml + Body Lotion 75ml,Estuche Perfume Her Golden Secret Eau de Toilette 50 ml + Loción Corporal 75 ml,Antonio Banderas,Banderas,50,50,,edt,same,,https://preunic.cl/products/estuche-banderas-her-golden-secret-50ml-body-lotion-75ml,https://salcobrand.cl/products/estuche-perfume-her-golden-secret-eau-de-toilette-50-ml-locion-corporal-75-ml?default_sku=588809
32,direct_preunic-salcobrand,preunic,salcobrand,auto:same_name,0.983,Estuche Perfume Mujer Antonio Banderas The Icon Woman EDP 50ml + Loción Corporal 75ml,Estuche Perfume The Icon EDP Femenino 50 ml + Loción Corporal  75 ml,Antonio Banderas,Banderas,50,50,edp,edp,same,,https://preunic.cl/products/estuche-perfume-mujer-antonio-banderas-the-icon-woman-edp-50ml-locion-corporal-75ml,https://salcobrand.cl/products/estuche-perfume-the-icon-edp-femenino-50-ml-locion-corporal-75-ml?default_sku=587219
33,direct_preunic-salcobrand,preunic,salcobrand,auto:same_name,0.972,Estuche Pefume Mujer Antonio Banderas The Icon Woman Edp 50 Ml + Loción Corporal For Women 75 Ml,Estuche Perfume The Icon EDP Femenino 50 ml + Loción Corporal  75 ml,Antonio Banderas,Banderas,50,50,edp,edp,same,,https://preunic.cl/products/estuche-pefume-mujer-antonio-banderas-the-icon-woman-edp-50-ml-locion-corporal-for-women-75-ml,https://salcobrand.cl/products/estuche-perfume-the-icon-edp-femenino-50-ml-locion-corporal-75-ml?default_sku=587219
34,direct_preunic-salcobrand,preunic,salcobrand,auto:same_name,0.974,Estuche Pefume Mujer Antonio Banderas The Icon Splendid Edp 50 Ml + Loción Corporal For Women 75 Ml,Estuche Perfume The Icon Splendid EDP for Women 50 ml + Loción Corporal for Women 75 ml,Antonio Banderas,Banderas,50,50,edp,edp,same,,https://preunic.cl/products/estuche-pefume-mujer-antonio-banderas-the-icon-splendid-edp-50-ml-locion-corporal-for-women-75-ml,https://salcobrand.cl/products/estuche-perfume-the-icon-splendid-edp-for-women-50-ml-locion-corporal-for-women-75-ml?default_sku=587217
35,direct_preunic-salcobrand,preunic,salcobrand,auto:same_name,0.961,Eau de Toilette DIAVOLO de 100ml,Perfume Hombre Diavolo For Men Eau de Toilette 100 ml,Antonio Banderas,Banderas,100,100,edt,edt,same,,https://preunic.cl/products/eau-de-toilette-diavolo,https://salcobrand.cl/products/perfume-hombre-diavolo-for-men-eau-de-toilette-100-ml?default_sku=4987190
36,direct_preunic-salcobrand,preunic,salcobrand,auto:same_name,0.930,Eau de Toilette KING OF SEDUCTION,Perfume Hombre King of Seduction Eau de Toilette 50 ml,Antonio Banderas,Banderas,50,50,edt,edt,same,,https://preunic.cl/products/eau-de-toilette-king-of-seduction,https://salcobrand.cl/products/perfume-hombre-king-of-seduction-eau-de-toilette-50-ml?default_sku=4988428
37,direct_preunic-salcobrand,preunic,salcobrand,auto:same_name,0.869,Pefume Mediterraneo,Perfume Hombre Mediterráneo Eau de Toilette 100 ml,Antonio Banderas,Banderas,100,100,,edt,same,,https://preunic.cl/products/pefume-mediterraneo,https://salcobrand.cl/products/perfume-hombre-mediterraneo-eau-de-toilette-100-ml?default_sku=4980270
38,direct_preunic-salcobrand,preunic,salcobrand,auto:same_name,0.941,Perfume Mediterráneo Eau de Toilette,Perfume Hombre Mediterráneo Eau de Toilette 50 ml,Antonio Banderas,Banderas,50,50,edt,edt,same,,https://preunic.cl/products/perfume-mediterraneo-eau-de-toilette,https://salcobrand.cl/products/perfume-hombre-mediterraneo-eau-de-toilette-50-ml?default_sku=4980248
39,direct_preunic-salcobrand,preunic,salcobrand,auto:same_name,0.897,Perfume The Golden Secret,Perfume Hombre The Golden Secret Eau de Toilette 50 ml,Antonio Banderas,Banderas,50,50,,edt,same,,https://preunic.cl/products/perfume-the-golden-secret,https://salcobrand.cl/products/perfume-hombre-the-golden-secret-eau-de-toilette-50-ml?default_sku=4982793
40,direct_preunic-salcobrand,preunic,salcobrand,auto:same_name,0.951,Antonio Banderas The Icon EDT 50ml - Perfume Hombre,Perfume Hombre The Icon Eau de Toilette 50 ml,Antonio Banderas,Banderas,50,50,edt,edt,same,,https://preunic.cl/products/ab-the-icon-edt-50ml,https://salcobrand.cl/products/perfume-hombre-the-icon-eau-de-toilette-50-ml?default_sku=577748
41,direct_preunic-salcobrand,preunic,salcobrand,auto:same_name,0.967,Perfume The Icon Elixir Antonio Banderas Edp 100 Ml,Perfume Hombre The Icon Elixir Eau de Parfum 100 ml,Antonio Banderas,Banderas,100,100,edp,edp,same,,https://preunic.cl/products/perfume-the-icon-elixir-antonio-banderas-edp-100-ml,https://salcobrand.cl/products/perfume-hombre-the-icon-elixir-eau-de-parfum-100-ml?default_sku=584644
42,direct_preunic-salcobrand,preunic,salcobrand,auto:same_name,0.934,Antonio Banderas The Icon EDP 50 Ml,Perfume Hombre The Icon The Parfum Eau de Parfum 50 ml,Antonio Banderas,Banderas,50,50,edp,edp,same,,https://preunic.cl/products/antonio-banderas-the-icon-edp-50-ml,https://salcobrand.cl/products/perfume-hombre-the-icon-the-parfum-eau-de-parfum-50-ml?default_sku=581313
43,direct_preunic-salcobrand,preunic,salcobrand,auto:same_name,0.965,Perfume Antonio Banderas The Secret Absolu Hombre EDP 50 Ml,Perfume Hombre The Secret Absolu Eau de Parfum 50 ml,Antonio Banderas,Banderas,50,50,edp,edp,same,,https://preunic.cl/products/perfume-antonio-banderas-the-secret-absolu-hombre-edp-50-ml,https://salcobrand.cl/products/perfume-hombre-the-secret-absolu-eau-de-parfum-50-ml?default_sku=588111
44,direct_preunic-salcobrand,preunic,salcobrand,auto:same_name,0.887,Perfume The Secret,Perfume Hombre The Secret Eau de Toilette 50 ml,Antonio Banderas,Banderas,50,50,edt,edt,same,,https://preunic.cl/products/perfume-the-secret,https://salcobrand.cl/products/perfume-hombre-the-secret-eau-de-toilette-50-ml?default_sku=4980104
45,direct_preunic-salcobrand,preunic,salcobrand,auto:same_name,0.915,Fragancia blue seduction women,Perfume Mujer Blue Seduction For Women Eau de Toilette 200 ml,Antonio Banderas,Banderas,200,200,edt,edt,same,,https://preunic.cl/products/fragancia-blue-seduction-women,https://salcobrand.cl/products/perfume-mujer-blue-seduction-for-women-eau-de-toilette-200-ml?default_sku=4980103
46,direct_preunic-salcobrand,preunic,salcobrand,auto:same_name,0.968,Perfume Mujer Antonio Banderas Blue Seduction Summer Essence EDT100 Ml,Perfume Mujer Blue Seduction Summer Essence Eau de Toilette for Women 100 ml,Antonio Banderas,Banderas,100,100,,edt,same,,https://preunic.cl/products/perfume-mujer-antonio-banderas-blue-seduction-summer-essence-edt100-ml,https://salcobrand.cl/products/perfume-mujer-blue-seduction-summer-essence-eau-de-toilette-for-women-100-ml?default_sku=589069
47,direct_preunic-salcobrand,preunic,salcobrand,auto:same_name,0.963,Perfume Antonio Banderas The Secret Absolu Mujer EDP 50 Ml,Perfume Mujer Her Secret Absolu Eau de Parfum 50 ml,Antonio Banderas,Banderas,50,50,edp,edp,same,,https://preunic.cl/products/perfume-antonio-banderas-the-secret-absolu-mujer-edp-50-ml,https://salcobrand.cl/products/perfume-mujer-her-secret-absolu-eau-de-parfum-50-ml?default_sku=588103
48,direct_preunic-salcobrand,preunic,salcobrand,auto:same_name,0.952,Her Secret Desire EDT 50ml - Perfume Mujer,Perfume Mujer Her Secret Desire Eau de Toilette 50 ml,Antonio Banderas,Banderas,50,50,edt,edt,same,,https://preunic.cl/products/her-secret-desire-edt-50ml-perfume-mujer,https://salcobrand.cl/products/perfume-mujer-her-secret-desire-eau-de-toilette-50-ml?default_sku=4980267
49,direct_preunic-salcobrand,preunic,salcobrand,auto:same_name,0.926,Eau de Toilette HER SECRET TEMPTATION,Perfume Mujer Her Secret Temptation Eau de Toilette 50 ml,Antonio Banderas,Banderas,50,50,edt,edt,same,,https://preunic.cl/products/eau-de-toilette-her-secret-temptation,https://salcobrand.cl/products/perfume-mujer-her-secret-temptation-eau-de-toilette-50-ml?default_sku=4980109
50,direct_preunic-salcobrand,preunic,salcobrand,auto:same_name,0.921,Eau de Toilette QUEEN OF SEDUCTION,Perfume Mujer Queen of Seduction Eau de Toilette 50 ml,Antonio Banderas,Banderas,50,50,edt,edt,same,,https://preunic.cl/products/eau-de-toilette-queen-of-seduction,https://salcobrand.cl/products/perfume-mujer-queen-of-seduction-eau-de-toilette-50-ml?default_sku=4980007
51,direct_preunic-salcobrand,preunic,salcobrand,auto:same_name,0.949,Fragancia The Icon Femenino EDP 50 ML,Perfume Mujer The Icon Eau de Parfum for Women 50 ml,Antonio Banderas,Banderas,50,50,edp,edp,same,,https://preunic.cl/products/fragancia-the-icon-femenino-edp-50-ml,https://salcobrand.cl/products/perfume-mujer-the-icon-eau-de-parfum-for-women-50-ml?default_sku=583951
52,direct_preunic-salcobrand,preunic,salcobrand,auto:same_name,0.965,Perfume The Icon Elixir Antonio Banderas Edp 50 Ml,Perfume Mujer The Icon Elixir Eau de Parfum 50 ml,Antonio Banderas,Banderas,50,50,edp,edp,same,,https://preunic.cl/products/perfume-the-icon-elixir-antonio-banderas-edp-50-ml,https://salcobrand.cl/products/perfume-mujer-the-icon-elixir-eau-de-parfum-50-ml?default_sku=584557
53,direct_preunic-salcobrand,preunic,salcobrand,auto:same_name,0.964,Perfume Mujer Antonio Banderas The Icon Splendid Edp 50 Ml,Perfume Mujer The Icon Splendid Eau de Parfum for Women 50 ml,Antonio Banderas,Banderas,50,50,edp,edp,same,,https://preunic.cl/products/perfume-mujer-antonio-banderas-the-icon-splendid-edp-50-ml,https://salcobrand.cl/products/perfume-mujer-the-icon-splendid-eau-de-parfum-for-women-50-ml?default_sku=586941
54,direct_preunic-salcobrand,preunic,salcobrand,auto:same_name,0.973,Loción clásica para hombres 120ml,Flaño Loción Clásica Para Hombres 120ml,Flaño,Gozo & Flaño,120,120,,,same,,https://preunic.cl/products/locion-clasica-para-hombres-120ml,https://salcobrand.cl/products/flano-locion-clasica-para-hombres-120ml?default_sku=4141102
55,direct_preunic-salcobrand,preunic,salcobrand,auto:same_name,0.972,Loción clásica para hombres 80ml,Flaño Loción Clásica Para Hombres 80ml,Flaño,Gozo & Flaño,80,80,,,same,,https://preunic.cl/products/locion-clasica-para-hombres-80ml,https://salcobrand.cl/products/flano-locion-clasica-para-hombres-80ml?default_sku=4141080
56,direct_preunic-salcobrand,preunic,salcobrand,auto:same_name,0.914,Colonia Red Edition,Colonia Millonaire Red Edition 95ml,Millionaire,Millionaire,95,95,cologne,cologne,same,,https://preunic.cl/products/colonia-red-edition,https://salcobrand.cl/products/colonia-millonaire-red-edition-95ml?default_sku=4443316
57,direct_preunic-salcobrand,preunic,salcobrand,auto:same_name,0.944,MILLIONAIRE EAU DE PARFUM TITANIUM DELUXE,Fragancia Masculina Millonaire Titanium Deluxe,Millionaire,Millionaire,100,100,edp,,same,,https://preunic.cl/products/millionaire-eau-de-parfum-titanium-deluxe,https://salcobrand.cl/products/fragancia-masculina-millonaire-titanium-deluxe?default_sku=4440419
58,direct_preunic-salcobrand,preunic,salcobrand,auto:same_name,0.991,Set Millionaire Red 95ml,Set Millionaire Red 95ml,Millionare,Millionaire,95,95,,,same,,https://preunic.cl/products/set-millionaire-red-95ml,https://salcobrand.cl/products/set-millionaire-red-95ml?default_sku=4440209
